"Menurut Anda, apakah muncunya society 5.0 berdampak pada semua bidang profesi akibat adanya big data, robotic dan kecerdasan buatan?"
"Iyah"
"Ya"
"Tidak semua profesi "
"Mungkin belum berdampak terhadap semua bidang profesi, sebab Sebagaimana beberapa profesi tidak semuanya berkaitan dengan 5.0 kecerdasan buatan"
"Menurut saya memunculkan kecerdasan "
"Tentunya akan berdampak. Di era sebelumnya saja yaitu revolusi industri 4.0 ada beberapa bidang profesi yang sudah digantikan oleh mesin/robot."
"Iya berdampak karena semua dipengaruhi dengan teknologi."
"Ya"
"Sangat berdampak"
"tentunya berdampak, terutama dalam rangka efisiensi dan efektivitas kerja profesi"
"Iyaa sebagian profesi mungkin akan berdampak karena ada teknologi yang bisa menggantikan peran manusia. "
"Sureeee. Bidang pendidikan saja harus menggunakan blended learning. Pertanian konvesional kalah saing dgn modern farming. "
"Berpengaruh"
"Iyaa "
"sangat berdampak"
"Lumayan berdampak, karena akan ada efektifitas dan efisiensi pekerjaan "
"Sedikit banyak saat ini segala bidang mulai bertransformasi ke digital"
"Ya pasti, karena akan berkurangnya tenaga kerja manusia yang digunakan."
"Berdampak, sebab karena masyarakat secara terus menerus akan dituntut untuk mengembangkan kemampuan guna menyelesaikan masalah sosial yang terjadi akibat kemunculan revolusi industri, yang sejalan dengan misi Indonesia emas di tahun 2045."
"Pasti karena konsep society 5.0 berdasarkan pemanfaatan berbagai inovasi dan berpusat pada teknologi"
"Iya, mulai dari kesehatan, pendidikan, penjualan, profesi akuntan dan profesi lainnya semua dimudahkan dengan adanya society 5.0"
"Ya"
"Tidak"
"tentunya ada banyak profesi yang akan berdampak. ada yang berdampak positif dan ada yang berdampak negatif. dampak positif banyak dirasakan oleh kaum menengah ketas atau middle managemet dan top management. dampak negatif akan banyak dirasakan oleh orang-orang yang berada tingkatan manajemen paling bawah, pekerja, dan buruh karena mereka sangat dekat dengan faktor produksi yang tentunya pasti akan mudah tergantikan dengan teknologi."
"tentu dengan munculnya society 5.0 ini sangat berdampak pada profesi. sebagai salah satu contoh saat ini sangat memungkinkan untuk melakukan pekerjaan dari rumah/ WFH dimana kebiasaan ini sudah dimulai ketika adanya wabah covid-19 dan ternyata hal ini dirasa efektif dalam pekerjaan. karena masing-masing pekerja bisa berkoordinasi tanpa harus bertemu. satu lagi, suatu ketika saya pernah melihat video di salah satu akun youtube dimana dia membeli makanan di salah satu warung dengan memanfaatkan mobil remot, camera dan HT. hal ini membuktikan bahwa society 5.0 sangat berdampak pada semua bidang profesi bahkan di level terbawah pun juga bisa terdampak."
"Lambat laun akan berdampak, tidak hanya tentang beberapa profesi yang mulai tidak diperlukan, tapi akan ada kemunculan profesi2 baru"
"Iya berdampak pada semuanya "
"Menurut saya, munculnya society 5.0 ini sangat berdampak pada bidang profesi akibat adanya big data, robotic, dan kecerdasan buatan."
"Menurut saya iya, society 5.0 dapat berdampak pada semua bidang profesi. "
"Iya berdampak dan di era ini semua bidang profesi harus menyesuaikan dengan perkembangan teknologi yang ada"
"Ya"
"Iya"
"berdampak "
"berdampak"
"Iya pastinya akan berdampak terhadap semua bidang profesi"
"Tentu saja hal ini akan berdampak pada semua bidang profesi karena setiap profesi pasti memiliki kegiatan yang berulang sehingga dapat diotomatisasi oleh sistem."
"Pada beberapa bidang pekerjaan tertentu"
"Ya karena seluruh teknologi tersebut akan lebih efisien atau bahkan lebih akurat dibandingkan hasil pekerjaan manusia."
"Berdampak ke beberapa profesi"
"iya"
"Yes, karena mau tidak mau semua akan semakin mudah, bahkan tanpa disadari keserdasan buatan sudah sangat dicari orang yang ahli dalam pekerjaan tersebut. Untuk kebutuhan disemua lini pekerjaan, baik bisnis maupun pemerintahan"
"iya"
"Menurut saya dampak tersebut belum terlalu besar karena peran manusia masih cukup penting seperti pengambilan keputusan "
"Iya"
"Berdampak, dengan adanya kemajuan pada teknologi seperi itu dapat memberikan dampak positif pada berbagai profesi seperti mempermudah tugas dan tanggungjawab yang mereka terima namun di sisi lain profesi mereka juga dapat tersingkirkan jika tidak mampu bersaing dengan kemajuan teknologi"
"Tidak berdampak terhadap semua bidang profesi, tetapi sebagian besar akan terdampak."
"Tidak semua, tapi memang memberikan dampak pada sebagian besar profesi yang ada. Misalkan ojek online, dengan adanya perkembangan big data tersebut maka akan meningkatkan lowongan pekerjaan dan menambah profesi sebagai bapak ojol. Adapun bentuk dampak lain berupa berkurangnya SDM yang dibutuhkan dalam pencatatan akuntansi, yang dulunya misalkan masih terdapat profesi untuk mencatat piutang dan penerimaan kas secara terpisah, mencatat jurnal dan buku besar manual, sekarang dapat dilakukan dalam sebuah aplikasi realtime dan instan oleh 1 orang saja, misalkan dengan software Accurate/Myob."
"ya"
"Jelas berdampak. Tetapi, kehadiran teknologi, big data dll dapat mempermudah kerja-kerja manusia."
"Ya berdampak karena memberikan informasi/ data dengan cepat dan tepat"
"Iya. Tidak bisa dipungkiri, karena big data, robotic, dan kecerdasan buatan jika digunakan dalam suatu bidang profesi sangat membantu dan menguntungkan dari segi waktu dan ketepatan"
"Kemungkinan tidak semua bidang profesi, tetapi akan ada banyak bidang profesi yang berdampak"
"Iya society 5.0 cukup berdampak pada semua bidang profesi akibat adanya big data, robotic dan kecerdasan buatan."
"Berdampak,beberapa profesi bahkan sudah terkena pergantian oleh system"
"Menurut saya hampir semua bidang atau profesi bisa digantikan oleh si namun dalam kecerdasan secara natural seperti halnya pengoperasian dalam setiap alat masih dibutuhkan tenaga manusia"
"pasti nya iya, remaja sekarang harus pinter pinter cari pekerjaan yang dia punya keistimewaan sendiri, jadi ngga bisa digantikan oleh kecerdasan buatan. "
"Iya sangat berdampak"
"Kemunculan society 5.0 memiliki dampak terhadap beberapa profesi. Mengingat kinerja manusia akan digantikan oleh kecerdasan buatan AI "
"tentu saja"
"Bidang profesi pastinya terdampak. Terlepas dari baik buruknya dampak tersebut. Bidang profesi dipaksa untuk bertransformasi dalam perkembangan teknologi yang ada dan beradaptasi dengan perkembangan teknologi tersebut"
"Tentu saja. Munculnya big data, robotic dan kecerdasan buatan memberikan keuntungan bagi perusahaan yang menginginkan proses pekerjaan yang lebih efektif dan efisien. Hal tersebut juga berdampak pada persaingan yang semakin meningkat, sehingga perusahaan lainnya akan mengikuti perkembangan society 5.0 dan juga menggunakan teknologi maju tersebut. Adanya penggunaan teknologi tersebut membuat pekerjaan-pekerjaan yang biasa dilakukan manusia sebelumnya dapat digantikan lebih baik dan lebih cepat oleh robot dan kecerdasan buatan. Di samping memberikan dampak positif, dampak negatif juga dirasakan oleh semua bidang profesi. Apabila manusia tidak dapat menyaingi kelebihan-kelebihan yang ditawarkan oleh teknologi maju tersebut, maka profesi-profesi tersebut akan terancam untuk digantikan oleh robot dan kecerdasan buatan."
"Tentu saja"
"Kemunculan society 5.0 akan berdampak pada semua profesi, tidak hanya bidang yang bersifat teknis dan mamtematis, bahkan sekarang ada kecerdasan buatan yang mampu menghasilkan gambar atau karya seni"
"iya, dikarena kebanyakan tenaga manusia sudah digantikan dengan hal ini"
"Iya, karena teknologi yang semakin berkembang ini berdapak pada perusahaan yang semakin terbantu dalam mengolah informasi dan berbagai tugasnya. Untuk pekerja juga akan berdampak, mengapa? Karena munculnya society 5.0 ini pekerja akan dituntut untuk semakin berkembang sesuai perkembangan teknologi yang ada. Jika pekerja tidak memiliki keterampilan yang sesuai untuk menjalankan pekerjaan yang dibutuhkan dalam Society 5.0, mereka tidak menutup kemungkinan akan kehilangan pekerjaan. "
"Iya karena dengan munculnya society 5.0 ini akan mempermudah berbagai bidang profesi untuk menjadikan pertumbuhan ekonomi, kehidupan masyarakat menjadi makmur dan nyaman"
"tidak"
"Bisa jadi"
"Tidak semua bidang profesi berdampak society 5.0. Contoh profesi tersebut yaitu guru. Guru tidak hanya mengajarkan ilmu tetapi juga memberikan dukungan emosional terhadap muridnya yang dimana hal itu tidak bisa dilakukan oleh robot"
"Menurut saya hampir semua bidang profesi muncul hal tersebut seperti pengantar surat yang sudah digantikan dengan email yang memudahkan manusia dalam pengiriman surat ataupun dokumen tertentu namun dibalik adanya beberapa profesi yang kemungkinan akan hilang akibat society 5.0 akan ada juga profesi baru yang muncul misalkan web developer yang mampu menunjang pemrograman dalam kecerdasan buatan"
"Berpengaruh "
"iya"
"Iya"
"Iya"
"Pastinya dengan era yang semakin maju saat ini socienty 5.0 akan berdampak pada semua bidang profesi, tetapi walaupun berpengaruh dalam setiap profesi pasti tetep membutuhkan kemampuan manusia. Sebab tidak semua hal dalam dilakukan oleh robot dan kecerdasan buatan."
"Berdampak lebih mudahnya untuk mengaplikasikan pekerjaan juga berdampak negatif berkurangnya lapangan pekerjaan "
"Society 5.0 Jelas memiliki dampak pada banyak bidang profesi, namun tidak semua bidang profesi terkena dampaknya."
"Sejauh ini, saya hanya berfokus pada pengaruh kecerdasan buatan di bidang keuangan. Bisa jadi ada kecerdasan buatan yang nantinya dapat otomatis digunakan tanpa bantuan manusia, jadi data yang diolah bisa lebih cepat dan akurat. Ada satu profesi lagi, seperti karyawan toko biasa yang sekarang saja beberapa sudah menggunakan robot untuk kerja pelayanan. Dan bahkan, ada toko2 yang tidak merekrut karyawan sama sekali karena sudah dikontrol dengan cctv toko dan customer diharuskan melakukan self service. Hal ini juga berdampak dengan kenaikan pengangguran tenaga kerja jika seseorang tersebut tidak kreatif."
"iya"
"Iya, jadi ketergantungan sama teknologi"
"Yes, the emergence of society has indeed had a significant impact on various professional fields due to advancements in big data, robotics, and artificial intelligence (AI). These technologies have transformed the way we work, communicate, and interact with information."
"Ya, hampir semua"
"berdampak, seperti pekerjaan manusia yang digantikan dengan robot atau mesin."
"Berdampak, karena dengan adanya AI akan lebih memudahkan manusia dalam melakukan pengolahan data. Meskipun tetap dibutuhkannya seorang akuntan"
"Ada beberapa profesi yg terancam posisinya aman tergantikan oleh AI, karena suatu perusahaan akan lebih sedikit mengeluarkan beban gaji untuk karyawannya "
"menurut saya berdampak karena adanya society 5.0 akan mempengaruhi semua profesi profesi dimana kemunculan tersebut akan mempermudah membantu pekerjaan di tiap bidangnya"
"Menurut saya tidak semua profesi, karena ada beberapa profesi yang menurut pemikiran saya tidak dapat digantikan oleh AI seperti dokter, psikiater, atau profesi profesi yang melibatkan critical thinking juga melibatkan naluri"
"tidak semua, karena ada beberapa profesi yang meskipun kemajuan teknologi tidak dapat menggantikan peran profesi tersebut, salah satunya yaitu tenaga pendidik, memang bisa diganti dengan kecerdasan buatan namun tidak semua teknologi bisa memakai perasaan guna memahami peserta didiknya masing-masing"
"Iya berdampak"
"menurut saya tidak semua namun sebagian besarr dapat menggantikan bidang profesi yang dikerjakan oleh manusia karena telah ada robot yang lebih canggih "
"tentu society 5.0 ini berdampak pada beberapa profesi. saat ini sudah semakin banyak profesi yang menggunakan inovasi-inovasi era society 5.0 ini."
"Berkembangnya teknologi mengubah peran manusia dalam banyak hal. Banyak pekerjaan memang telah mampu digantikan oleh mesin, tetapi hal tersebut juga dibarengi dengan makin berkembangnya kemampuan manusia dalam berbagai hal baru.
"
"Iya, karena dengan adanya kemajuan teknologi tersebut semua aktivitas yang dilakukan menjadi praktis."
"iya. semua bidang profesi mendapat dampak dari adanya society 5.0 . mungkin hal ini memang dapat membantu mereka dalam membantu menyelesaikan pekerjaan namun apabila kecerdasan buatan ini terlalu cerdas dapat menggantikan posisi manusia dalam segala pekerjaan dan hal ini tidaklah baik"
"sangat berdampak untuk kita semua"
"tidak semua apabila masih ada yang menggunakan manual"
"Tifak semua karena ada beberapa yang masih menggubakan manual"
"iya karena bidang profesi tersebut berkaitan dengan teknologi "
"Iya, salah satunya adalah risiko hilangnya pekerjaan akibat otomatisasi dan robotisasi yang semakin luas."
"Ya, munculnya society 5.0 memiliki dampak terhadap semua profesi. "
"Menurut saya iya"
"iya, berdampak"
"Iya berdampak "
"Hampir berdampak pada semua bidang"
"Iya, kadena pada era society 5.0 hampir semua bidang pekerjaan kerah putih bisa tergantikan, yang pada dasarnya mengandalkan kemampuan intelektual. AI bukanlah hanya perangkat yang akan membantu manusia, melainkan juga bisa menggantikan manusia. Semua pekerjaan profesional seperti insinyur, dokter, akuntan, dan pengacara bisa digantikan."
"Ya, munculnya Society 5.0 akan berdampak pada semua bidang profesi, termasuk profesi akuntansi. Hal ini dikarenakan perkembangan teknologi big data, robotic, dan kecerdasan buatan akan mempengaruhi cara kerja dan tuntutan dalam berbagai profesi."
"menurut saya beberapa akan terdampak akam tetapi tidak semua karena tidak semua pekerjaan manusia dapat digantikan oleh teknologi karena secanggih canggihnya teknologi pekerjaan manusia tetap dibutuhkan"
"Menurut saya iya berdampak"
"Iya, karena di luar negeri banyaknya big data, robotic, dan kecerdasan buatan membuat tergesernya manusia dalam lapangan pekerjaan. Akibat dari kecepatan akses untuk teknologi lebih cepat dan menghasilkan laba maksimum bagi perusahaan. Dan itu juga berdampak pada angka kelahiran suatu negara dimana lebih memilih berkutat dengan teknologi. "
"Ya, munculnya Society 5.0 dapat berdampak pada semua bidang profesi, termasuk dalam akuntansi, keuangan, teknologi informasi, kesehatan, pendidikan, dan lain-lain."
"Menurut saya tidak semua profesi terdampak"
"ya karena konsep society 5.0 memungkinkan umat manusia menggunakan ilmu pengetahuan berbasis teknologi modern seperti AI dan robot untuk memenuhi kebutuhan dan mempermudah kehidupan manusia."
"ya, menurut saya berdampak"
"menurut saya tidak, karena pengoperasian teknologi inipun pasti dirancang oleh ajli manusia, dan pasti terus perlu untuk dikembangakan. jadi pastinya (wallahu alam) ada profesi yang tidak bisa digatikan"
"Menurut saya tidak semua profesi akan berdampak pada munculnya society 5.0"
"Sependek pengetahuan saya pastinya ada beberapa profesi yang tergeser dalam bidang tertentu dan itu juga menjadi tantangan tersendiri kepada diri sendiri untuk lebih meningkatkan hal"" yg tidak dipunyai oleh kecerdasan buatan atau ai"
"Tidak semua bidang, mungkin dalam profesi lain seperti psikolog tidak dapat digantikan karena profesi tersebut tidak sistematis "
"Berdampak"
"munculnya society 5.0 menurut pendapat saya memiliki dampak pada semua bidang. namun, dampak tersebut juga tidak dapat digantikan secara sepenuhnya kepada semua bidang profesi. "
"berdampak, karena pastinya manusia akan tergantikan oleh teknologi"
"Iya karena konsep society 5.0 memungkinkan umat manusia menggunakan ilmu pengetahuan berbasis teknologi modern seperti AI dan robot untuk memenuhi kebutuhan dan mempermudah kehidupan manusia."
"Berdampak mungkin ke beberapa profesi, khususnya pada bagian administrasi."
"Ada yg berdampak ada yg tidak"
"iya"
"Society 5.0. akan memungkinkan perusahaan untuk melakukan analisis data yang lebih akurat, produksi dan distribusi produk yang cepat, serta berkurangnya biaya produksi. Hal ini dapat membantu perusahaan untuk menjadi lebih efisien dan produktif, namun hal ini pasti akan menggantikan beberapa bidang profesi, terlebih di sektor pelayanan publik. Dan kedepannya pasti akan menciptakan kesenjangan sosial serta pengangguran."
"Tidak semua"
"Tentu saya ya, memberikan dampak positif dan negatif."
"Ya"
"Mwnurut saya tidak, sebab ada bidang profesi yang tidak dapat digantikan oleh society 5.0 seperti profesi seniman pemahat patung dan pelukis"
"Mungkin saja tidak pada semua bidang tetapi berdampak pada para tenaga kerja yang lebih mengandalkan kekuatan tenaga tubuh hal ini bisa saja di gantikan dengan robat dan menambah jumlah pengannguran"
"Sangat berdampak apalagi khususnya dibidang akuntansi dimana jika memang ada society 5.0 pekerjaan para akuntan yang biasanya dikerjakan oleh manusia akan terganti dengan robotic atau sejenisnya. Sdm bisa terganggu jika robotic terlaku mengambil allih pekerjaan akuntan"
"Berdampak "
"Ya, karena para robot dirancang untuk mengerjakan sesuatu yang sesuai dengan bidang profesi yang ada saat ini."
"Tidak ada dampak untuk generasi saat ini sebab generasi saat ini yang pintar dan mudah memahami tp apakah Soviet bisa untuk segala kalangan bukan hanya generasi saat ini mengingat di Indonesia tidak seperti negara Jepang yang mengusulkan society 5.0"
"tidak semua bidang profesi terdampak society 5.0, namun hampir semua profesi terdampak hal tersebut"
"Kemungkinan besar ajan berdampak pada semua bidang profesi"
"iya berdampak. memiliki potensi besar untuk memberikan dampak positif yang signifikan dalam berbagai aspek kehidupan, seperti di bidang ekonomi, lingkungan, kesehatan, dan pendidikan"
"Menurut saya tidak semua profesi. Ada beberapa profesi juga yang tidak bisa digantikan dengan kecerdasan buatan."
"Iya akan berdampak "
"Ya"
"Berdampak karena pekerja yang di kelas bawah seperti yang di pabrik"" akan tergantikan dan tidak di perlukan lagi dan akhirnya menganggur karna pekerjaan nya tergantikan oleh robotik "
"Berdampak baik akan memudahkan suatu pekerjaan, dan dampak baik akan memangkas beberapa bidang pekerjaan"
"ya"
"konsep masyarakat 5.0 memberikan dampak positif pada pemecahan masalah sosial sekaligus pembangunan ekonomi. Dalam menghadapi perubahan besar di dunia dan transformasi digital, munculnya teknologi seperti AI, IoT, robotika, machine learning, hingga pengolahan data dapat memudahkan kehidupan manusia. Konsep ini membantu dalam peningkatan produksi dan pengurangan pengangguran, dukungan industrialisasi berkelanjutan, redistribusi kekayaan, hingga mengurangi ketimpangan sosial. Dengan begitu, society 5.0 dapat mewujudkan tercapainya pembangunan ekonomi dan solusi untuk masalah sosial secara paralel."
"Yaaa"
"Ya"
"Iya"
"Menurut saya, tidak berdampak kesemua bidang profesi. "
"Tidak ada beberapa beberapa profesi yang tidak berdampak salah satunya kedokteran"
"sangat berdampak"
"Bisa saja berdampak negatif jika salah digunakan dengan hal2 Negatif "
"Tidak semuanya berdampak karena bagaimanpun setiap pekerjaan membutuhkan tenaga manusia sebagai pengoperasi dari teknologi yang tersedia"
"Tidak semua berdampak karena meskipun menggunakan robot tapi masih butuh tenaga/ kecerdasan manusia"
"Tidak"
"Sebnrnya berpengaruh tapi kita harus lebih cerdas lagi "
"Tidak"
"iya, karena dengan adanya society 5.0 membuat sdm yang dibutuhkan sangat sedikit.  apalagi jika kita mempelajari benar"" teknologi yang sekarang. "
"Menurut saya pasti ada dampaknya karena kecerdasan buatan lebih simpel"
"Iyaa sangat berdampak karena tidak membutuhkan terlalu banyak tenaga kerja karena semua sistem sudah di kerjakan dengan society 5.0"
"Iya ada dampaknya dan juga ada manfaatnya karena semua masyarakat bisa tau hal"" yang belom mereka ketahui."
"Mungkin akan semakin minimnya sumber daya manusia yang dibutuhkan, dan hal ini pula dapat meningkatkan pengangguran yang ada. Namun jika ada nya pencetusan munculnya society ini bisa mengurangi kesenjangan sosial, mungkin saya setuju munculnya alat-alat yang memudahkan hal tersebut. "
"iya akan berdampak"
"Konsep ini dapat berdampak pada berbagai bidang profesi karena kemampuan teknologi yang semakin berkembang."
"adanya inovasi pembelajaran yang berbasis teknologi yang memudahkan siswa dalam belajar tanpa mengenal ruang,waktu dan tempat."
"Menurut saya tidak semua profesi berdampak karena adanya society 5.0 ini. "
"iya, karena kita memang harus mengikuti perkembangan kan"
"Tentu akan berdampak, semakin banyaknya kecerdasan buatan. Tentu saja, pengetahuan dan ingatan manusia yg terbatas akan tertandingi oleh AI. "
"Menurut saya iya, karena semua profesi akan dihendel dengan itu, jadi SDM akan menurun dalam suatu perusahaan "
"Menurut saya akan sangat berdampak "
"Menurut saya tidak semua berdampak pada semua bidang profesi karena adanya big data robotic dan kecerdasan buatan "
"Iya,karena kita memang harus mengikuti perkembangan"
"tidak berdampak pada semua bidang hanya pada beberapa bidang yg sudah diciptakan teknologinya saja 
tp jika sudah ada teknologinya mungkin dampaknya sangat besar karena manusianya sudah tidak dibutuhkan.
mungkin"
"Internet hanya berguna untuk berbagi informasi dan menganalisis data melainkan juga untuk menjalani kehidupan."
"menurut saya berpengaruh "
"iya berdampak, karena selain mempermudah kehidupan manusia, adanya society 5.0 juga berdampak buruk terhadap bidang profesi"
"Sepertinya iyha jika mengikuti perkembangan yang ada "
"Tidak, karen tidak semua profesi mumbutukan robotic dan big data."
"Menurut saya jika ada society 5.0  yang memungkinkan umat manusia menggunakan ilmu pengetahuan berbasis teknologi modern seperti AI dan robot untuk memenuhi kebutuhan dan mempermudah kehidupan manusia."
"Menurut saya berdampak, dibuktikan banyaknya produk berbasis teknologi"
"Iya, hampir semua bidang akan terdampak. Baik itu dampak positif (meringankan pekerjaan) ataupun dampak negatif (beberapa peran yang tergantikan)"
"iyaa"
"Akan berdampak, dari sisi positif kinerja akan lebih cepat. Dari sisi negatif pasti ada kekeliruan akibat kurang teliti"
"berdampak karena profesi profesi tertentu bisa tergantikan"
"sangat berdampak, apa lagi di zaman seperti ini dan rata"" 80% profesi sudah menggunakan alat alat canggih seperti yang disebutkan"
"Menurut daya tentu era society 5.0 ini akan berakibat semua bidang  karena pada masa saat ini segala sesuatu mulai menggunakan teknologi. "
"Menurut sata munculnya society 5.0 ini berdampak sekali pada semua bidang profesi selain akuntansi. Kecerdasan buatan ini semakin leluasa ada di berbagai profesi dan semakin maju dengan adanya big data dan robotic."
"Menurut saya mungkin akan berdampak pada sebagian besar profesi lebih"" pada pofesi akuntansi yg bidangnya bisa saja tergantikan"
"Tidak, menurut saya AI tidak berdampak pada seluruh aspek bidang profesi. salah satunya yang membutuhkan emosional dan critical thinking antar sesama makhluk, baik itu antar manusia dengan manusia maupun manusia dengan makhluk lain seperti pengajar sekolah luar biasa, pengasuh anak dsb."
"Mungkin tergantung kemampuan individu setiap orang"
"Belum semua, contohnya guru, karena guru memiliki hubungan emosional yang tidak dimiliki robot"
"Mungkin iyaa berdampak pada semua bidang profesi, buktinya dalam melakukan hal² berat ataupun ringan semua sudah bisa diatur dengan sistem"
"Tentu saja, tapi manusia juga kan yg menciptakan society 5.0? Jadi, tentu saja hal itu memiliki banyak kekurangan, dan tetap saja manusia yang sempurna."
"Munculnya Society 5.0 dengan big data, robotika, dan kecerdasan buatan memiliki potensi untuk berdampak pada berbagai bidang profesi. Beberapa bidang yang mungkin mengalami perubahan signifikan termasuk:

1. Industri dan Manufaktur: Robotika dan otomatisasi dapat mengubah cara produksi dan mempengaruhi pekerjaan di sektor industri. Pekerjaan yang rutin dan berulang cenderung digantikan oleh robot, sementara pekerjaan yang membutuhkan kreativitas, pemecahan masalah kompleks, dan interaksi manusia akan tetap relevan.

2. Transportasi: Kemajuan di bidang kendaraan otonom dan pengelolaan lalu lintas yang cerdas dapat mengubah industri transportasi. Pengemudi manusia mungkin digantikan oleh kendaraan yang dikendalikan oleh kecerdasan buatan, dan sistem transportasi dapat dioptimalkan dengan analisis big data untuk mengurangi kemacetan dan meningkatkan efisiensi.

3. Layanan Kesehatan: Big data dan kecerdasan buatan dapat memberikan dampak besar pada layanan kesehatan. Analisis data kesehatan yang besar dapat membantu dalam diagnosis dini, penelitian obat, dan pengobatan yang lebih efektif. Robotika juga dapat digunakan dalam prosedur bedah yang presisi dan pemantauan pasien secara real-time.

4. Pendidikan: Penggunaan teknologi seperti kecerdasan buatan dan big data dapat mengubah pendidikan dengan cara yang signifikan. Sistem pembelajaran adaptif dapat disesuaikan dengan kebutuhan individu siswa, dan data yang dikumpulkan dapat memberikan wawasan tentang kinerja siswa dan membantu pengembangan kurikulum yang lebih efektif.

5. Keuangan dan Perbankan: Dalam industri keuangan, big data dapat digunakan untuk analisis risiko, peningkatan keamanan, dan pemberian layanan keuangan yang lebih personal. Robotika dan kecerdasan buatan juga dapat digunakan dalam proses otomatisasi tugas-tugas rutin seperti pengolahan klaim asuransi atau pengelolaan portofolio investasi.

Namun, perlu dicatat bahwa dampak pada setiap bidang profesi akan bervariasi. Beberapa pekerjaan mungkin berkurang atau digantikan oleh teknologi, sementara yang lain mungkin berubah atau mengharuskan keterampilan baru. Penting untuk terus mengembangkan keterampilan yang relevan dengan teknologi yang berkembang dan mempersiapkan tenaga kerja untuk menghadapi perubahan tersebut. Selain itu, perubahan ini juga dapat menciptakan peluang baru dan menghasilkan pekerjaan yang sebelumnya tidak ada."
"menurut saya tidak semua profesi seperti guru yang mengajarkan rasa kasih sayang terhadap sesama manusia digantikan oleh robot yang tidak ada perasaan "
"Menurut saya akan berdampak secara tidak langsung. Tetapi Menurut saya secanggih²nya teknologi pasti akan membutuhkan human dalam penggunaannya. Hal ini menjadi PR bagi mahasiswa ataupun pelajar untuk meningkatkan softskill dg lainnya"
"Sangat berdampak pada pada big data robotic dan kecerdasan buatan karena nantinya bisa tergantikan proses nya bukan Awal dan asal pembuatan nya"
"Iyaa berdampak karena dapat mengakibatkan lowongan kerja berkurang "
"Iya berdampak, tapi beberapa profesi tidak 100% terdampak seperti desain baju dll karena desain mengikuti suatu tren, dan sekalipun ai dapat membuat desain tetapi hanya dapat membantu saja bukan membuat suatu ide baru"
"Munculnya society 5.0 berdampak pada semua profesi entah itu sedikit atau banyak."
"Iya berdampak pada profesi, profesi yang sudah tidak lagi di butuhkan akan disingkirkan oleh robot yang bisa membuat semua pekerjaan lebih efisien"
"Tentu saja iya. Teknologi hadir sebagai evolusi pada kehidupan manusia"
"Tentunya ada karena dengan dengan adanya big data, robotic, dan ai sangat memudahkan pekerjaan di berbagai profesi "
"Menurut saya iya, karena setiap profesi pasti akan selalu berkaitan dengan teknologi² seiring berkembangnya ilmu pengetahuan ini. Akan tetapi tidak semua pekerjaan profesi tersebut dapat digantikan dengan teknologi"
"berdampak, karena dengan adanya society 5.0 mempermudah kita dalam mengerjakan kegiatan sehari-hari"
"iya terjadi transofmasi dalam berbagai aspek yang menyebabkan beberapa profesi terancam "
"Menurut saya berdampak pada semua profesi karena robotic tersebut dapat diprogram untuk melakukan tugas atau pekerjaan di bidang tertentu "
"bisa berdampak pada semua jika robotic lebih efisien digunakan "
"society 5.0 sangat berdampak dal.bidang profesi"
"Ya, semua bidang pekerjaan akan terdampak walau tidak semua bidang terkena dampak yang besar"
"Iya sangat berdampak,ada dampak baiknya mungkin karena sangat membantu pekerjaan dan juga menghemat waktu,dan dampak buruknya manusia akan tergeser pekerjaannya"
"Sangat berdampak apa lagi bagi seorang akuntan yang sangat terancam jabatannya dengan kemajuan teknologi di era global yang akan munculnya sistem robot untuk membantu menyusun laporan keuangan perusahaan."
"Sangat berdampak pada karir seorang akuntan yang menimbulkan pergantian tenaga manusia terhadap robot sehingga menimbulkan banyak tenaga akuntan yang menganggur"
"Menurut saya, sebagian besar profesi mulai atau bahkan sudah beradaptasi dengan Artificial Intelligence. "
"Iya sangat berdampak karena lebih efisien "
"Berdampak karena dimasa yg akan datang mungkin semua pekerjaan atau profesi akan menggunakan kecerdasan buatan"
"Munculnya Society 5.0 berdampak signifikan pada semua bidang profesi sebagai hasil dari perkembangan big data, robotika, dan kecerdasan buatan. Society 5.0 menggambarkan masyarakat yang terhubung secara digital di mana teknologi informasi dan komunikasi memainkan peran sentral dalam kehidupan sehari-hari."
"iya tentu saja berdampak karena dapat menyebabkan pengangguran dini akibat kurang sdm yang digunakan"
"Iyaa , karena umumnya sekarang lebih menggunakan aktivitas yang cepat "
"Semuanya pasti berdampak tp dibalik itu semua ada positif dan negatif "
"Sangat, karena tidak menutup kemungkinan teknologi yang semakin berkembang tidak hanya membantu kita dalam hal pekerjaan tapi mungkin saja bisa menggantikan peran kerja kita."
"tidak tau pasti, tp dalam akuntansi mungkin saya pikir ini pastinya aman berdampak pada prospek kerja kedepannya. adanya AI ataupun robotic pastinya sangat berperan perting dalam.pekerjaan yang lebih efektif dan efisien."
"Ya, berdampak"
"Menurut saya munculnya society 5.0 berdampak pada semua bidang profesi"
"Menurut saya berdampak pada semua bidang karena teknologi bisa mencangkup segala hal"
"iya, karena kini semua hal tergantung oleh kecepatan sistem oleh teknologi, mulai dari kesehatan, informasi, pendidikan maupun hingga orang yang bekerja di lapangan seperti teknis dll"
"Menurut saya berdampak, karena sangat membantu di berbagai bidang."
"Hampir tapi tidak semua profesi bisa digantikan, jadi menurut saya tidak berdampak pada semua bidang yang ada"
"Tidak menutup kemungkinan akan berdampak pada semua bidang profesi. Contohnya seperti aplikasi akuntansi untuk menyusun laporan keuangan. Hal ini mempengaruhi profesi akuntan. Namun tetap saja hal tersebut harus dijalankan oleh seorang akuntan. Jadi menurut saya walaupun sebanyak apapun robotic big data dsb menurut saya profesi akuntan masi diperlukan hanya saja mungkin tidak banyak dan harus dgn kualitas akuntan yang baik. "
"tidak semua bidang profesi akan berdampak karena walaupun telah muncul big data, robotic dan kecerdasan buatan akan ada beberapa hal yang tidak bisa dilakukan mereka. karna secanggih”nya mereka itukan yang membuat manusia"
"Iya, termasuk di dunia kedokteran dimana profesi tersebut sangat butuh ketelitian yang tajam dan besar human error"
"Iya, semakin efisiensi tenaga kerja menjadi teknologi"
"Iya semua bidang karena sangat membantu dalam hal apa saja,  mengurangi dampak negatif terhadap lingkungan dan membantu mencapai tujuan pembangunan berkelanjutan"
"Berdampak, sebab dapat membantu kegiatan manusia. "
"Tidak, karena masih ada profesi yang tidak bisa digantikan dengan adanya big data, robotic dan kecerdasan buatan"
"tidak semuanya, mungkin ada beberapa profesi"
"sangat berdampak, karena nantinya pekerjaan akan digantikan oleh robot sehingga tidak membutuhkan tenaga ahli lagi"
"tidak semua"
"iyaaa"
"Bisa jadi, dikarenakan semua manusia ingin kemudahan dan efisiensi yang akhirnya cenderung kepada keinginan masuk ke semua bidang profesi"
"mungkin seperti itu sebab pada saat ini saja sebagian besar kegiatan telah menggunakan elektronik. dapat disimpulkan bahwa semua profesi ini akan terdampak dan terdapat pengaruh akibat adanya era ini."
"tidak, ada beberapa profesi yang tidak dapat tergantikan oleh kecerdasan buatan seperti contohnya dokter karena memerluka kontak fisik langsung kepada pasien dan menurut saya kecerdasan buatan ini bukan malah menghilangkan pekerjaan tapi membantu meringankan pekerjaan"
"Iya, karena terdapat keunggulan tersendiri dari penerapan big data, robotic, dan kecerdasan buatan tersebut daripada manusia"
"Sangat berdampak"
"Namun masih aja ada dampak yg buruk, untuk mahasiswa sendiri jadi lebih tergantung dengan jawaban yang instan biasanya saya akses melaui Chat GPT, tapi dampak baiknya saya bisa langsung tau poin dan maksudt dari sesuatu yang akan saya cari jawabannya atau dengan mudah lah intinya."
"pastinya"
"iya, baik itu dampak negatif maupun positif pasti akan berdampak pada semua profesi"
"Untuk saat ini, seperti chat got masih belum bisa menganalisis data secara lebih terperinci karena mereka tidak memiliki akses kesana. Sehingga profesi sebagai analis dan sejenisnya dapat dikatakan tidak berdampak"
"Tidak, krna ad bbrpa bidang yg tidak dpt tergantikan contohnya yg berhubungan dgn peronality as a dokter, psikolog yg scra face to face hrus dilakukan oleh seorang manusia yg profesional"
"Iya. Berdampak di sini tidak selalu dengan hal yang negatif, bisa saja berdampak positif. Contohnya pada profesi kedokteran, dengan adanya kecerdasan buatan tersebut tentunya sangat membantu. "
"berdampak, dan kemunculan society 5.0 membuat segala hal menjadi praktis"
"Tidak semua, dikarenakan pengembangan AI tidak akan bisa menggantikan peran manusia sepenuhnya "
"Tidak, kemungkinan bidang profesi yang akan terdampak adalah bidang-bidang yang memang kegiatan berulang-ulang sehingga hal ini bisa di gantikan oleh robot atau mesin yang terkomputerisasi."
"Menurut pendapat saya tidak, munculnya society 5.0 tidak akan berdampak pada semua bidang profesi seperti salah satunya profesi psikolog yang mana tidak akan ada teknologi yang bisa memiliki naluri yang mengedepankan perasaan seperti layaknya manusia"
"Iya"
"Tida semua, karena seperti bidang profesi kedokteran maka tidak bisa digantikan dengan mesin ataupun yang lain. "
"mungkin akan berdampak ada semuanyaa. atau bisa j nnti semua profesi bakal trgantikan"
"Menurut saya iya, karena dengan adanya kemajuan teknologi society 5.0. Profesi yang awalnya bisa dikerjakan oleh manusia karena kemajuan tersebut, bisa mengambil alih profesi. Untuk sekarang mungkin hanya beberapa profesi yang diambil oleh teknologi, untuk ke depannya mungkin bisa saja manusia tergantikan oleh teknogi."
"Iya."
"Menurut saya terdampak, karena pastinya teknologi akan diterapkan oleh seluruh manusia. Mau tidak mau mereka akan menerapkan teknologi terkini juga dan harus menerima perkembangannya. "
"Tidak semua profesi"
"Menurut saya iya, sangat berdampak pada semua profesi. Dikarenakan teknologi digital dapat menggeser pekerjaan yang dilakukan oleh manusia karena lebih cepat dan efisien walaupun tidak sepenuhnya pekerjaan dari AI atau robot selalu tepat dikarenakan bisa saja terjadi eror program. "
"Kemungkinan iya, karena sejauh perkembangan teknologi hingga saat ini telah menghapus beberapa pekerjaan yang sebelumnya ada"
"Menurut pendapat saya, ada beberapa bidang profesi yang terdampak pada, tetapi dalam beberapa profesi yang tidak terkena dampaknya"
"Mayoritas profesi terdampak adanya Society 5.0 baik baik dalam hal positif maupun negatif."
"Mungkin akan berdampak besar terhadap profesi dengan tenaga kerja manusia, tetapi kembali lagi mungkin kita sebagai manusia yg harusnya memiliki posisi diatas dari hasil ciptaannya dapat mengendalikan hal-hal yang tidak diinginkan terjadi"
"menurut saya berdampak, karna AI cenderung bisa melakukan apa saja dalam beberapa pekerjaan di berbagai profesi."
"Menurut saya iya, munculnya Society 5.0 dengan pemanfaatan big data, robotika, dan kecerdasan buatan diperkirakan akan berdampak pada berbagai bidang profesi. "
"menurut saya, munculnya society 5.0 akan berdampak pada profesi yang memang menggunakan logical thinking karena society 5.0 cenderung menggunakan logika sebagai dasar perhitungan atau analisis."
"Munculnya society 5.0 ini tidak berdampak pada semua profesi contoh nya seperti profesi dokter, namun memang ada beberapa profesi yang nantinya dapat tergantikan oleh munculnya society 5.0 ini"
"Berdampak karena sudah mulai terealisasi pekerjaan manusia yang setengahnya dikerjakan oleh ai "
"Iya"
"Iya tentu"
"Iya"
"Berdampak sekali"
"Iya"
"Tidak"
"Iya banyak "
"Tidak, karena kemampuan manusia masih diperlukan untuk beberapa profesi dan tidak dapat digantikan oleh AI"
"iyaa, karena mereka memudahkan pekerjaan"
"iya berdampak"
"menurut saya akan berdampak"
"sangat berdampak"
"Tidak sih, untuk auditor dan akuntan publik masih bisa tanpa robotic dan kecerdasan buatan, karena hal tersebut dibutuhkan sebuah opini dan dasarnya untuk penyampaian opini setiap auditor itu berbeda"
"Menurut saya akan berdampak pada semua bidang profesi terlebih lagi dengan robot yang lebih canggih "
"Iya, munculnya society 5.0 pastinya akan berdampak pada semua bidang profesi."
"Tidak, karena ada beberapa profesi yang tidak akan tergantikan oleh robotic "
"Berdampak"
"Ya berdampak"
"Tidak semua profesi. Ada profesi yang hanya dapat dilakukan oleh manusia, tidak bisa dilakukan oleh robot atau AI"
"Tidak"
"Iya berdampak. Tapi kan semuanya masih perlu manusia untuk menujukan robotic dan kecerdasan buatan untuk apa. Dan membuat robot kan juga butuh manusia buat berpikir. "
"iya, kecerdasan teknologi saat ini menurut saya mampu berdampak pada semua bidang, apalagi sampai saat ini masih banyak sekali pengembangan pengembangan pada teknologi."
"sangat berdampak, karena sistem robotic dan lain sebagainya akan memudahkan kita dalam melakukan aktivitas contohnya seperti melakukan pencatatan untuk profesi akuntan."
"Tidak semua karena ada profesi yang lebih memerlukan pertimbangan profesional daripada menggunakan bantuan seperti big data dan lain-lain"
"tidak semua bidang"
"Menurut saya akan berdampak pada semua bidang profesi akibat adanya big data, robotic, dan kecerdasan buatan karena pastii beberapa tahun kedepan teknologi sangat dibutuhkan"
"Cukup berdampak untuk mempersempit lapangan pekerjaaan, tetapi masih ada hal yg belum terjamah yakni terkait skill dalam pengelolaan suato organisasi"
"Tidak, ada beberapa yang tidak terdampak seperti psikolog, psikiater dll"
"Tentunya berdampak secara tidak langsung"
"menurut saya semua profesi dapt tergantikan oleh teknologi robotic secara robotic dari lambda aja sudah bisa memiliki perasaan terhadap majikannya, tapi kembali lagi ke diri kita masing masing agar lebih pintar dan kreatif lagi agar tidak tergantikan oleh robotic tsb"
"Tidak "
"Tidak , karena ada profesi yang benar-benar tidak dapat digantikan misalnya petani."
"berdampak"
"Mungkin berdampak tapi tidak semuanya, ada profesi yang sulit digantikan mesin seperti yang berkaitan dengan control dan pengambil keputusan."
"Sebagian besar profesi mungkin akan tergantikan, tapi tidak mungkin sampai seluruhnya. "
"Kemungkinan besar iya. Jika kita sebagai manusia tidak bisa mengendalikan 3 hal tersebut, ada kemungkinan semua bidang profesi bisa terdampak akan digantikan. "
"Menurut saya, iya bisa saja. Karena society 5.0 dapat menyelesaikan sebuah permasalahan dengan mudah. Bukan tidak mungkin jika AI nantinya dapat menggantikan profesi para akuntan, atau robotic yang menggantikan para pelayan restoran ataupun lainnya seperti menggantikan tenaga manusia. AI dapat menggantikan peran otak manusia. dan Big data mempermudah pencarian data dalam jumlah besar."
"Iya"
"Tentu saja berdampak, saat ini teknologi sangat memegang peranan penting dalam kehidupan manusia"
"tidak semua"
"Sebagian besar berpengaruh "
"Menurut saya tidak"
"iya berdampak pada hampir semua bidang profesi "
"sangat berdampak"
"Atas adanya perubahan suatu hal tentu saja terdapat penyesuaian yang harus dilakukan untuk menginputkan perubahan tersebut sebagai elemen yang terbiasa dalam sehari-hari. Tentu saja adanya society 5.0 akan berdampak pada seluruh bidang profesi."
"Iya karena secara keseluruhan munculnya society 5.0 membawa perubahan signifikan pada berbagai bidang profesi karena beberapa pekerjaan dapat digantikan dengan sistem robotik yang tidak lagi memerlukan tenaga manusia lagi"
"Pasti. Semua yang dilakukan manual, akan dilakukan oleh mesin. Walaupun nantinya mesin masih membutuhkan pengawasan manusia, tetapi itu hanya ada beberapa orang."
"kemungkinan iya, karena mempengaruhi perkembangan teknologi"
"Iya, munculnya society 5.0 akan berdampak pada beberapa bidang profesi seperti contoh munculnya robot yang dapat mengganti tenaga manusia sehingga dapat menyebabkan beberapa tidak memiliki pekerjaan (pengangguran) dikarenakan diganti oleh robot."
"pasti, karena semua profesi sekarang juga menggunakan IT ya walau tidak semua tetapi sebagian besar jadi digantikan dengan robot atau program komputer"
"Ya , tapi menurut saya tidak semua tugas seorang akuntan bisa di ambil alih oleh robotic dan kecerdasan buatan"
"Ada kemungkin iyaa"
"Ya"
"Tidak semua ada sebagin profesi tidak dapat di gantikan oleh robot"
"Tidak pada semua bidang, namun tentunya ada profesi yang diuntungkan dan dirugikan akibat adanya era socuety 5.0 ini. Namun hal ini memberikan tantangan dalam berbagai bidang profesi agar dapat menyeimbangkan dengan adanya era society 5.0"
"menurut saya tidak semuanya karena itu bukan hal yang menyeluruh"
"dengan munculnya society 5.0 mungkin dapat berdampak pada semua profesi namun society 5.0 tidak akan bisa menggantikan semua profesi yg ada"
"menitikberatkan pada penerapan teknologi tinggi seperti IoT dan AI untuk meningkatkan efisiensi dan produktivitas dalam berbagai sektor, serta mengurangi dampak negatif terhadap lingkungan dan membantu mencapai tujuan pembangunan berkelanjutan."
"Dengan munculnya society 5.0 dapat berdampak bagi semua bidang, tidak hanya dibidang akuntansi atau akuntan saja."
"Bisa jadi profesi akuntansi akan terdampak"
"cukup berdampak apalagi untuk bidang profesi yabg mengandalkan teknologi"
"Menurut saya, society 5.0 akan sangat berdampak pada semua bidang profesi, mungkin akan ada beberapa profesi yang akan tergantikan tetapi tidak sepenuhnya, begitu juga nantinya akan muncul pekerjaan Baru."
"iya, semuanya akan berdampak"
"iya, itu akan berdampak"
"Menurut saya iya, karena pasti banyak pekerjaan yang akan di gantikan oleh robotic dah sejenisnya "
"Iya sangat berdampak, dengan adanya robotic semua pekerjaan akan menjadi lebih mudah dan sumberdaya manusia kurang dibutuhkan lagi."
"munculnya Society 5.0, yang menggabungkan teknologi digital dengan kehidupan sehari-hari, termasuk big data, robotika, dan kecerdasan buatan, diperkirakan akan memiliki dampak signifikan pada berbagai bidang profesi. "
"Iyaa berdampak karena dengan adanya era society 5.0 ini membuat Sumber daya manusia jadi tergantikan dengan robotic atau kecerdasan buatan yang membuat semakin meningkatnya pengangguran "
"Sepertinya sangat berpengaruh sekali dalam semua bidang karena bukan hanya tentang big data, semua sekrng sudah bisa kita lacak sendiri melalui yang namanya gajet,,,dan itu sangatt berdampak negatif sekalii terhadap akuntansi "
"iya, karena adanya society 5.0 pekerjaan beralih ke mesin , aplikasi, robotic."
"Iya berdampak "
"Ya, munculnya Society 5.0 dengan adanya big data, robotika, dan kecerdasan buatan berpotensi besar untuk berdampak pada semua bidang profesi. Kemajuan teknologi ini telah mengubah cara kita bekerja, berinteraksi, dan beroperasi"
"Menurut saya, dampak dari munculnya society banyak budak profesi tertentu yang tidak lagi diminati karena sudah tergantikan oleh robot. "
"Ya"
"Bisa saja berdampak,dikarenakan munculnya society,misalnya di dalam dunia pekerjaan selain kita bersaing dengan manusia,kita juga bersaing dengan robot"
"Mungkin saja iyaa terkecuali profesi yang bisa mengatasi munculnya society 5.0"
"Menurut saya iya karna berpengaruh satu sama lain"
"Dalam Society 5.0, dunia kerja sedang mengalami perubahan besar karena teknologi dan inovasi yang berkembang. Teknologi AI dan automasi berperan penting dalam mengubah pekerjaan dan memastikan bahwa pekerja memiliki keterampilan yang diperlukan untuk mengatasi perubahan ini dan tentunya akan berdampak pada semua bidang yang akan digantikan oleh robot"
"Society 5.0 pasti akan berdampak pada semua bidang profesi karena teknologi berperan penting dalam sebuah pekerjaan yaitu dapat meningkatkan keterampilan para pekerja"
"di society 5.0 didalam dunia kerja sedang mengalami perubahan yang cukup besar karena teknologi dan inovasi yang berkembang pesat pula. semakin kedepan jaman semua akan tergantikan oleh robotic maupun kecerdasan buatan"
""
"Dengan adanya teknologi yang semakin canggih dan merata ke seluruh penjuru di Indonesia,  pasti akan berdampak  pada semua bidang profesi, salah satu contohnya adalah di sebuah perusahaan Pocari dari proses pembuatan minumannya sudah tidak membutuhkan campur tangan tenaga kerja, semua dikerjakan oleh mesin (teknologi) yang canggih."
"Iya, karena lambat laun perkembangan itu akan semakin ditingkatkan. Dan sudah banyak negara besar seperti Jepang yang menerapkan robotic dalam hal kegiatan sehari hari"
"Iya"
"Iya, hal itu akan berdampak terutama pada angka pengangguran di Indonesia. Karena tenaga kerja manusia sudah digantikan oleh robot. Dan bisa mengurangi pendapatan yang diperoleh oleh rakyat."
"Menurut saya sangat berdampak, karena akan banyak pekerja yang akan digantikan oleh robot/mesin. Sehingga berdampak pada lapangan pekerjaan dan ekonomi masyarakat."
"ya, tentu"
"Tentu"
"Iya"
"Sangat berdampak, terutama pada sdm yg kebanyakan akan mungkin di PHK"
"Iya berdampak"
"Mungkin sebagian besar bidang profesi akan tergantikan oleh robot. Tetapi ada beberapa profesi yang akan tetap ada seperti presiden dan wakilnya."
"dengan munculnya era ini, pengaruhnya dalam lingkup SDM, menurut saya ada bagus dan tidaknya. bagus dalam artian, teknologi baru akan memudahkan manusia dalam melakukan aktivitas nya. sedangkan tidak bagusnya dalam artian SDM akan malas, dan tidak mengasah atau mengimprove kemampuan dalam dirimya sendiri, sehingga mengakibatkan SDM tidak berkompeten dalam berbagai bidang."
"Di era society 5.0 ada dampak positif dan dampak negatif nya, dimana dampak positif nya yaitu bisa memudahkan manusia untuk menyelesaikan pekerjaan dan bisa memenuhi kebutuhan manusia secara mudah, namun dampak negatif nya yaitu akan ada banyak tenaga kerja yang kehilangan pekerjaan nya karena diganti dengan robot sehingga akan menimbulkan adanya banyak pengangguran. "
"Sangat berdampak, membuat lebih efisien, fleksibel, berkelanjutan dan meningkatkan kesejahteraan"
"Sangat berdampak pada semua bidang baik secara industri, pendidikan dan pemerintah. Dengan adanya society 5.0 dapat meningkatkan efesiensi, produktivitas maupun kualitas layanan dengan memanfaatkan teknologi seperti big data, robotic dan kecerdasan buatan."
"Berdampak karena pekerjaan bisa di ambil alih oleh society 5.0"
"Bisa jadi"
"Tidak pada semua profesi"
"Iya berdampak "
"Menurut sayaa sangat berdampak bagi semua profesi karena mempunyai manfaat secara keseluruhan "
"Berdampak"
"Ya. Karena dengan kemajuan teknologi ini dapat terjadi perubahan akan peran dan tugas. Tugas yang biasanya dikerjakan oleh manusia secara manual dapat dikerjakan oleh kecerdasan buatan secara otomatis. Sedangkan untuk tenaga kerja manusia saat ini yang masih dibutuhkan adalah tugas yang berfokus pada pemikiran yang kritis, pengambilan keputusan, dan lain sebagainya. "
"Menurut saya tidak semua bidang. Misalnya pada bidang akuntansi. Bahwa beberapa pekerjaan di bidang akuntansi tidak semuanya dilakukan oleh kecerdasan buatan. Misalnya pada analisis data keuangan. Hal ini juga menggunakan tenaga manusia"
"Iya"
"Iya"
"setuju"
"Netral "
"Menurut saya munculnya society 5.0 tentu sangat berdampak terhadap semua bidang."
"Menurut saya sangat berpengaruh karena hal ini bisa menggeserkan posisi akuntan yang akan digantikan oleh robot masa depan"
"Negatif"
"Menurut saya munculnya society 5.0 berdampak pada semua bidang profesi pabrik"" besar sudah banyak yang menggunakan robot dalam proses produksi, adanya aplikasi"" administrasi, marketplace dan e-commerce juga memengaruhi semua bidang profesi "
"Negatif"
"Kalo menurut saya tidak berdampak apa apa namun adanya robotic kita bisa mempelajari hal hal yang baru dari robotic"
"Tidak berdampak sama sekali "
"Berdampak. Mau dilihat dari nilai positif atau negatif, kecerdasan buatan jelas berdampak untuk semua bidang profesi. "
"Tidak, karena sebagian bidang profesi adalah penggerak dari big data, robotic dan kecerdasan buatan."
"Iya era ini dapat berdampak pada semua profesi jika terus dikembangkan."
"Iya, beberapa bidang profesi akan berdampak dengan  munculnya society 5.0 karena pada saat ini banyak bidang profesi yang sudah digantikan dengan robotic atau kecerdasan buatan. "
"Pada revolusi industri 4.0, teknologi manufaktur sudah masuk pada tren otomasi dan pertukaran data. Hal tersebut mencakup sistem cyber-fisik, internet of things (IoT), komputasi awan, dan komputasi kognitif. Dengan lahirnya teknologi digital saat ini pada revolusi industri 4.0 berdampak terhadap kehidupan manusia diseluruh dunia."
"untuk menyeimbangkan solusi atas permasalahan sosial dan kemajuan "
"Adanya teknologi masyarakat sangat membutuhkan karna itu sangat penting bagi semua orang "
"Mulai dari persaingan internasional yang parah, hingga kesenjangan sosial yang terus meningkat. Di sinilah perlu adanya tindakan nyata untuk memecahkan masalah-masalah sosial tersebut. Akan tetapi, mencapai pembangunan ekonomi dan pemecahan masalah sosial pada saat yang sama terbukti sulit terealisasi dalam sistem sosial saat ini. Namun, hadirnya konsep masyarakat 5.0 pun memberikan dampak positif pada pemecahan masalah sosial sekaligus pembangunan ekonomi. Dalam menghadapi perubahan besar di dunia dan transformasi digital, munculnya teknologi seperti AI, IoT, robotika, machine learning, hingga pengolahan data dapat memudahkan kehidupan manusia. Konsep ini membantu dalam peningkatan produksi dan pengurangan pengangguran, dukungan industrialisasi berkelanjutan, redistribusi kekayaan, hingga mengurangi ketimpangan sosial. Dengan begitu, society 5.0 dapat mewujudkan tercapainya pembangunan ekonomi dan solusi untuk masalah sosial secara paralel. "
"Tidak semua "
"Ya berdampak "
"Menurut saya, iyaa berdampak "
"Society 5.0 hadir dengan mengusung konsep bahwa semua teknologi adalah bagian dari manusia itu sendiri. Artinya, internet tidak hanya berguna untuk berbagi informasi dan menganalisis data, melainkan juga untuk menjalani kehidupan. Dengan demikian, akan tercipta keseimbangan antara peran manusia (masyarakat) dan pemanfaatan teknologi.
"
"Society 5.0 mencapai tingkat konvergensi yang tinggi antara dunia maya (virtual space) dan ruang fisik (real space). Pada society 4.0 sebelumnya, manusia akan mengakses layanan cloud (database) di dunia maya melalui Internet. Mereka akan mencari, mengambil, serta menganalisis informasi atau data yang ada. Sementara itu, di society 5.0, sejumlah besar informasi dari sensor di ruang fisik terakumulasi di dunia maya. Nantinya, data dalam jumlah besar (big data) ini akan dianalisis dengan kecerdasan buatan (AI).  "
"ya, society 5.0 berdampak pada semua profesi termasuk bidang akuntansi"
"Berdampak negatif, akan tetapi bisa membantu SDM"
"Society 5.0 Menyeimbangkan Pembangunan Ekonomi dan Memecahkan Masalah Sosial Pengaruh konsep society 5.0 rupanya memberikan perubahan yang cukup signifikan saat negara Jepang menerapkannya. Sebab seiring pertumbuhan ekonomi, kehidupan masyarakat menjadi makmur dan nyaman. Permintaan energi dan bahan makanan juga turut meningkat, serta umur masyarakat menjadi lebih panjang. Sebelumnya, Jepang menghadapi berbagai masalah sosial seiring dengan globalisasi ekonomi yang maju. Mulai dari persaingan internasional yang parah, hingga kesenjangan sosial yang terus meningkat. Di sinilah perlu adanya tindakan nyata untuk memecahkan masalah-masalah sosial tersebut. Akan tetapi, mencapai pembangunan ekonomi dan pemecahan masalah sosial pada saat yang sama terbukti sulit terealisasi dalam sistem sosial saat ini. Namun, hadirnya konsep masyarakat 5.0 pun memberikan dampak positif pada pemecahan masalah sosial sekaligus pembangunan ekonomi. Dalam menghadapi perubahan besar di dunia dan transformasi digital, munculnya teknologi seperti AI, IoT, robotika, machine learning, hingga pengolahan data dapat memudahkan kehidupan manusia. Konsep ini membantu dalam peningkatan produksi dan pengurangan pengangguran, dukungan industrialisasi berkelanjutan, redistribusi kekayaan, hingga mengurangi ketimpangan sosial. Dengan begitu, society 5.0 dapat mewujudkan tercapainya pembangunan ekonomi dan solusi untuk masalah sosial secara paralel. Baca Juga : Society 5.0 vs Industry 4.0, Apa Bedanya? Green Marketing sebagai Konsep Pemasaran Berkelanjutan di Era Society 5.0 Contoh Society 5.0 dalam Berbagai Bidang Masyarakat 5.0 atau society 5.0 menjadi konsep yang diterapkan dalam berbagai bidang. Mulai dari mobilitas, kesehatan, manufaktur, pertanian, energi, penyediaan makanan, hingga pencegahan bencana alam. Untuk lebih jelasnya, berikut adalah beberapa contoh penerapan masyarakat 5.0 yang bisa Anda pahami: Nilai Baru di Bidang Mobilitas Dengan adaptasi society 5.0, akan tercipta nilai baru di bidang mobilitas. Contohnya adalah penerapan analisis big data dalam data warehouse yang mencakup beragam jenis informasi. Misalnya data sensor dari mobil, informasi real time tentang cuaca, lalu lintas, hingga akomodasi. Analisis tersebut akan memudahkan manusia dalam hal mobilitas. Contohnya adalah pemilihan rute tercepat saat menuju suatu titik lokasi, hingga perkiraan kemacetan."
"dengan adanya teknologi ini sehingga sangat berdampak bagi bidang profesi kita"
"perekonomian"
"Tentu saja munculnya Society 5.0 dengan adanya big data robotika dan kecerdasan buatan memiliki dampak signifikan pada berbagai bidang profesi. Perkembangan ini membawa perubahan dalam cara kita bekerja berinteraksi dan beradaptasi dengan teknologi baru.

Dalam bidang medis misalnya big data dapat digunakan untuk menganalisis informasi medis pasien secara real-time memprediksi penyakit dan mengembangkan pengobatan yang lebih efektif. Robotika juga dapat digunakan dalam pembedahan yang lebih akurat dan minim invasif mempercepat proses pemulihan serta memberikan perawatan jarak jauh melalui telemedicine"
"Itu sangat berdampak bagi manusia terutama bagi seorang akuntan,dan mungkin akan kehilangn pekerjaannya."
"menuntut setiap orang untuk lebih kreatif, inovatif, produktif, adaptif dan juga kompetitif"
"Society 5.0 atau sering disebut  masyarakat 5.0 merupakan suatu konsep yang dicetuskan pemerintah Jepang. Konsep society 5.0 bukan hanya terbatas untuk faktor manufaktur tetapi hal ini juga dapat memecahkan berbagai persoalan sosial dengan bantuan integrasi ruang fisik dan virtual (Skobelev & Borovik, 2017). Konsep Society 5.0 adalah teknologi big data, konsep ini dikumpulkan oleh Internet of things (IoT) (Hayashi) selanjutnya diubah oleh Artifical Inteligence(AI) (Rokhmah, 2019) (zdemir, 2018) hingga menjadi sesuatu yang dapat membantu masyarakat dan menjadikan kehidupan yang lebih baik (Mathews, 2015). Dampak society 5.0 atau yang biasa disebut masyarakat 5.0 akan dirasakan pada semua aspek kehidupan baik dari aspek kesehatan, aspek tata kota, transportasi, aspek pertanian, aspek industri dan pendidikan."
"Scoiety 5.0 merupakan  sebuah konsep tatanan kehidupan yang masih sangat baru bagi kehidupan masyarakat. Melalui konsep society 5.0 kehidupan masyarakat diharapkan akan lebih nyaman dan berkelanjutan. Manusia akan mendapatkan atau disediakan produk maupun layanan dalam jumlah dan pada waktu yang dibutuhkan. Pada era society 5.0"
"Menurut Saya Tidak
Karena Dengan manusia sebagai komponen utamanya, konsep ini akan menciptakan suatu perkembangan teknologi yang mampu meminimalisir kesenjangan pada manusia."
"dapat membantu manusia dalam melakukan tugas-tugas yang memakan waktu dan pekerjaan yang monoton. "
"Sangat berdampak "
"Apa itu Kecerdasan Buatan?
Machine Learning dan Deep Learning
Memulai Layanan Amazon AI
Amazon AI
Machine Learning
Deep Learning
Kecerdasan Buatan (AI) adalah bidang ilmu komputer yang dikhususkan untuk memecahkan masalah kognitif yang umumnya terkait dengan kecerdasan manusia, seperti pembelajaran, pemecahan masalah, dan pengenalan pola. Kecerdasan Buatan, sering disingkat sebagai ""AI"", mungkin berkonotasi dengan robotika atau adegan futuristik, Kecerdasan Buatan (AI) mengungguli robot fiksi ilmiah, ke dalam non-fiksi ilmu komputer canggih modern. "
"sebuah perubahan cara hidup manusia dan proses kerja secara fundamental, dimana adanya kemajuan teknologi informasi dapat mengintegrasikan dalam dunia kehidupan dengan digital yang dapat memberikan dampak disiplin ilmu."
"Iya benar, berdampak untuk semua bidang profesi, kecuali di bidang pertanian untuk kerja di lapangan sepertinya belum terlihat banyak secara signifikan."
"menurut saya, dampakmnya memang cukup besar. Tetapi tidak semuanya dapat dipengaruhi."
"Tidak juga berdampak pada semua bidang profesi akan tetapi akan lebih banyak yg terkena dampak nya"
"terdapat dampak positif dan negatif tentunya. adanya hal tersebut memudahkan kita dalam melakukan pekerjaan pada bidang profesi . misalnya adanya aplikasi keuangan yang memudahkan dalam membuat laporan keuangan dalam menjalan aplikasi tersebut pasti butuh seorang akuntan yang paham terkait dengan laporan keuangan dan tentunya yang paham bagaiaman cara mengoprasikannya. "
"Tidak ada dampak"
"Tidak sepenuhnya tapi akan bertransisi"
"Menurut saya sangat berdampak di semua bidang "
"ya, menurut saya dampak adanya society 5.0 bisa menggeser para tenaga kerja "
"Menurut saya iya, karena ini, masyarakat bisa menyeimbangkan antara kemajuan ekonomi dan penyelesaian masalah manusia yang terintegrasi dengan dunia maya dan nyata. Sehingga pekerjaan dapat dilakukan dengan cepat dan tepat"
"Menurut saya iya , karena semua bidang didukung oleh teknologi yang sudah berkembang yang dapat memudahkan manusia hanya saja tidak semua daerah bisa menerapkannya"
"tidak juga"
"betul"
"adanya big data kemungkinan dapat berdampak bagi semua profesi, untuk saling tukar menukar informasi dengan cepat dan rahasia. namun untuk robotic dan AI, tidak semua profesi dapat dibantu dengan menggunakan robotic dan AI"
"benar, terutama bidang pekerjaan tenaga ahli "
